id;titre;date_debut;date_fin;description;modele;etat;user_id
1;Technician;2020-04-22;2020-04-22;New Mexico;RSS Investment Account Delaware;true;2
2;Turkish Lira Coordinator;2020-04-23;2020-04-22;systems;mobile vortals;false;2
3;Money Market Account Investor;2020-04-22;2020-04-22;interface;Practical hierarchy;true;2
4;Optimized data-warehouse schemas;2020-04-22;2020-04-22;Bedfordshire;Togo;false;2
5;internet solution Identity;2020-04-23;2020-04-23;Forward;black utilize;false;1
6;yellow;2020-04-22;2020-04-23;Consultant Industrial PNG;matrix;true;2
7;Gorgeous Creative Focused;2020-04-22;2020-04-22;Response;customized Rustic Cotton Shirt;false;2
8;gold Home Loan Account;2020-04-23;2020-04-23;backing up Bedfordshire one-to-one;calculating Unbranded Steel Pants;false;1
9;Chair;2020-04-22;2020-04-22;haptic payment;Dale;true;2
10;Lempira;2020-04-23;2020-04-22;mint green Chips 24/7;Music Up-sized;false;2
